{
    "name": "Unix60",
    "vendorId": "0x4652",
    "productId": "0x5558",
    "lighting": "none",
    "matrix": {
      "rows": 7,
      "cols": 9
    },
    "layouts": {
      "labels": [
        "Split Backspace",
        "ISO Enter",
        "Split Left Shift",
        "Split Right Shift"
      ],

      "keymap" :[
        [
          {
            "x": 2.5,
            "c": "#777777"
          },
          "0,0",
          {
            "c": "#cccccc"
          },
          "0,1",
          "0,2",
          "0,3",
          "0,4",
          "0,5",
          "0,6",
          "0,7",
          "0,8",
          "1,0",
          "1,1",
          "1,2",
          "1,3",
          {
            "c": "#aaaaaa",
            "w": 2
          },
          "1,4\n\n\n0,0",
          {
            "x": 0.25,
            "c": "#cccccc"
          },
          "1,5\n\n\n0,1",
          "1,6\n\n\n0,1"
        ],
        [
          {
            "x": 2.5,
            "c": "#aaaaaa",
            "w": 1.5
          },
          "1,7",
          {
            "c": "#cccccc"
          },
          "1,8",
          "2,0",
          "2,1",
          "2,2",
          "2,3",
          "2,4",
          "2,5",
          "2,6",
          "2,7",
          "2,8",
          "3,0",
          "3,1",
          {
            "w": 1.5
          },
          "3,2\n\n\n1,0",
          {
            "x": 1.25,
            "c": "#777777",
            "w": 1.25,
            "h": 2,
            "w2": 1.5,
            "h2": 1,
            "x2": -0.25
          },
          "4,7\n\n\n1,1"
        ],
        [
          {
            "x": 2.5,
            "c": "#aaaaaa",
            "w": 1.75
          },
          "3,3",
          {
            "c": "#cccccc"
          },
          "3,4",
          "3,5",
          "3,6",
          "3,7",
          "3,8",
          "4,0",
          "4,1",
          "4,2",
          "4,3",
          "4,4",
          "4,5",
          {
            "c": "#777777",
            "w": 2.25
          },
          "4,7\n\n\n1,0",
          {
            "x": 0.25,
            "c": "#cccccc"
          },
          "4,6\n\n\n1,1"
        ],
        [
          {
            "c": "#aaaaaa",
            "w": 1.25
          },
          "4,8\n\n\n3,1",
          {
            "c": "#cccccc"
          },
          "5,0\n\n\n3,1",
          {
            "x": 0.25,
            "c": "#aaaaaa",
            "w": 2.25
          },
          "4,8\n\n\n3,0",
          {
            "c": "#cccccc"
          },
          "5,1",
          "5,2",
          "5,3",
          "5,4",
          "5,5",
          "5,6",
          "5,7",
          "5,8",
          "6,0",
          "6,1",
          {
            "c": "#aaaaaa",
            "w": 2.75
          },
          "6,2\n\n\n2,0",
          {
            "x": 0.25,
            "w": 1.75
          },
          "6,2\n\n\n2,1",
          "6,3\n\n\n2,1"
        ],
        [
          {
            "x": 4
          },
          "6,4",
          {
            "w": 1.5
          },
          "6,5",
          {
            "c": "#cccccc",
            "w": 7
          },
          "6,6",
          {
            "c": "#aaaaaa",
            "w": 1.5
          },
          "6,7",
          "6,8"
        ]
      ]
    }
  }